{
  "id": "9c0907e7-68c7-4804-82fb-70e9b4bf3628",
  "type": "monthly",
  "period": {
    "year": 2025,
    "month": 5
  },
  "client_id": null,
  "client_name_snapshot": null,
  "created_at": null,
  "tax_rate": 0.0,
  "line_items": [
    {
      "description": "WOMENS SPECIALTY AND FERTILITY CLINIC VOICE",
      "qty": 336.0,
      "unit_price": 0.14,
      "amount": 47.04
    }
  ],
  "totals": {
    "subtotal": 47.04,
    "tax": 0.0,
    "total": 47.04
  },
  "notes": "",
  "starting_invoice_number": 1,
  "date": "10/27/2025",
  "client": {
    "name": "Sante Foundation Medical Group (\"SFMG\")",
    "address": "7370 N Palm Ave STE 101\nFresno, CA 93711",
    "contact": ""
  }
}
