{
  "id": "e7e57bf4-c017-4661-bba8-7bb4de3cacc9",
  "type": "monthly",
  "period": {
    "year": 2025,
    "month": 5
  },
  "client_id": null,
  "client_name_snapshot": "Sante Foundation Medical Group (\"SFMG\")",
  "created_at": null,
  "tax_rate": 0.0,
  "line_items": [
    {
      "description": "WOMENS SPECIALTY AND FERTILITY CLINIC VOICE — Voice",
      "qty": 336.0,
      "unit_price": 0.14,
      "amount": 47.04
    },
    {
      "description": "WOMENS SPECIALTY AND FERTILITY CLINIC SMS (-2054)",
      "qty": 727.0,
      "unit_price": 0.07,
      "amount": 50.89
    }
  ],
  "totals": {
    "subtotal": 97.93,
    "tax": 0.0,
    "total": 97.93
  },
  "notes": "",
  "starting_invoice_number": 1,
  "total": 97.93
}
